exp_name,max_total,balance,rep_count,tflite_kb,ms_keras,ms_tflite,delta_mse,delta_mae,delta_max,in_scale,in_zp,out_scale,out_zp,rep_path,tflite_path,status,note,yk_min,yk_max,yt_min,yt_max,delta_range_obs,delta_mse_obs,delta_mae_obs,delta_rmse_obs,delta_max_obs,keras_ms_observed,tflite_ms_observed,n_windows_eval,repr_out_min,repr_out_max,repr_out_width,lsb_out,sat_lo_cnt,sat_hi_cnt,delta_rmse
mt500_b0p25,500,0.25,500,141.99,0.546,0.019,0.1542585,0.2245947,2.535102,0.11226172000169754,36,0.05055522546172142,67,qbench_sweep_20251027_165731/experiments/mt500_b0p25/rep/rep_windows_balanced.npz,qbench_sweep_20251027_165731/experiments/mt500_b0p25/tflite/model_int8_full.tflite,OK,,-1.3521435260772705,1.6232476234436035,-2.7299821376800537,2.4266507625579834,2.181241750717163,0.37902894616127014,0.4740351140499115,0.6156532678068639,1.939568281173706,6.6253431141376495,0.030972063541412354,64.0,-9.858268965035677,3.033313527703285,12.891582492738962,0.05055522546172142,0.0,0.0,0.3927575588069566
mt500_b0p3,500,0.3,500,141.99,0.554,0.019,0.1491456,0.2153657,2.39022,0.17049096524715424,-20,0.05055522546172142,67,qbench_sweep_20251027_165731/experiments/mt500_b0p3/rep/rep_windows_balanced.npz,qbench_sweep_20251027_165731/experiments/mt500_b0p3/tflite/model_int8_full.tflite,OK,,-9.881526947021484,3.009805917739868,-9.807713508605957,3.033313512802124,-0.050305843353271484,0.38307052850723267,0.46311306953430176,0.6189269169354591,2.3899617195129395,0.7776282727718353,0.030267983675003052,64.0,-9.858268965035677,3.033313527703285,12.891582492738962,0.05055522546172142,0.0,3.0,0.3861937337658393
mt500_b0p35,500,0.35,500,141.99,0.554,0.02,0.1359469,0.1958086,2.756309,0.17049096524715424,-20,0.05057685077190399,67,qbench_sweep_20251027_165731/experiments/mt500_b0p35/rep/rep_windows_balanced.npz,qbench_sweep_20251027_165731/experiments/mt500_b0p35/tflite/model_int8_full.tflite,OK,,-9.881526947021484,3.015118360519409,-9.811908721923828,3.0346109867095947,-0.0501255989074707,0.35025590658187866,0.4357070326805115,0.5918242193268866,2.148233413696289,0.7749311625957489,0.030659139156341553,64.0,-9.862485900521278,3.0346110463142395,12.897096946835518,0.05057685077190399,0.0,14.0,0.36870977746731914
mt500_b0p4,500,0.4,500,141.99,0.547,0.019,0.1168785,0.1731804,2.535007,0.17049096524715424,-20,0.05057685077190399,67,qbench_sweep_20251027_165731/experiments/mt500_b0p4/rep/rep_windows_balanced.npz,qbench_sweep_20251027_165731/experiments/mt500_b0p4/tflite/model_int8_full.tflite,OK,,-9.881526947021484,3.015118360519409,-9.811908721923828,3.0346109867095947,-0.0501255989074707,0.32503893971443176,0.40138310194015503,0.5701218639154543,2.5351388454437256,0.7654093205928802,0.03032013773918152,64.0,-9.862485900521278,3.0346110463142395,12.897096946835518,0.05057685077190399,0.0,19.0,0.3418749771480797
mt500_b0p45,500,0.45,500,141.99,0.55,0.019,0.1094707,0.1595272,2.588667,0.17049096524715424,-20,0.05057685077190399,67,qbench_sweep_20251027_165731/experiments/mt500_b0p45/rep/rep_windows_balanced.npz,qbench_sweep_20251027_165731/experiments/mt500_b0p45/tflite/model_int8_full.tflite,OK,,-9.881526947021484,3.015118360519409,-9.811908721923828,3.0346109867095947,-0.0501255989074707,0.3005538582801819,0.3743690252304077,0.5482279254837188,2.5889225006103516,0.7596500217914581,0.030059367418289185,64.0,-9.862485900521278,3.0346110463142395,12.897096946835518,0.05057685077190399,0.0,23.0,0.33086356704841346
mt500_b0p5,500,0.5,500,141.99,0.397,0.019,0.08935092,0.1340142,2.7942,0.17049096524715424,-20,0.051691558212041855,63,qbench_sweep_20251027_165731/experiments/mt500_b0p5/rep/rep_windows_balanced.npz,qbench_sweep_20251027_165731/experiments/mt500_b0p5/tflite/model_int8_full.tflite,OK,,-9.881526947021484,3.015118360519409,-9.821395874023438,3.049801826477051,-0.025447607040405273,0.2612283229827881,0.3200870454311371,0.5111050019152503,2.7942755222320557,0.7711984217166901,0.03074854612350464,64.0,-9.873087618499994,3.3082597255706787,13.181347344070673,0.051691558212041855,0.0,0.0,0.29891624244928544
mt500_b0p55,500,0.55,500,141.99,0.554,0.019,0.08310954,0.1248009,2.413585,0.17049096524715424,-20,0.05172700434923172,63,qbench_sweep_20251027_165731/experiments/mt500_b0p55/rep/rep_windows_balanced.npz,qbench_sweep_20251027_165731/experiments/mt500_b0p55/tflite/model_int8_full.tflite,OK,,-9.881526947021484,3.015118360519409,-9.776403427124023,3.0518932342529297,-0.06834864616394043,0.2651863694190979,0.31601959466934204,0.5149624932158632,2.413640022277832,0.7741972804069519,0.030662864446640015,64.0,-9.879857830703259,3.31052827835083,13.190386109054089,0.05172700434923172,0.0,0.0,0.28828725257978366
mt500_b0p6,500,0.6,500,141.99,0.483,0.02,0.0567444,0.09173809,2.645663,0.17049096524715424,-20,0.05172700434923172,63,qbench_sweep_20251027_165731/experiments/mt500_b0p6/rep/rep_windows_balanced.npz,qbench_sweep_20251027_165731/experiments/mt500_b0p6/tflite/model_int8_full.tflite,OK,,-9.881526947021484,3.015118360519409,-9.776403427124023,3.0518932342529297,-0.06834864616394043,0.22118942439556122,0.27244335412979126,0.47030779750665547,2.645866870880127,0.7594414055347443,0.03002956509590149,64.0,-9.879857830703259,3.31052827835083,13.190386109054089,0.05172700434923172,0.0,0.0,0.23821083098801366
mt1000_b0p25,1000,0.25,1000,141.99,0.545,0.019,0.1943257,0.2843284,3.006288,0.17049096524715424,-20,0.051691558212041855,63,qbench_sweep_20251027_165731/experiments/mt1000_b0p25/rep/rep_windows_balanced.npz,qbench_sweep_20251027_165731/experiments/mt1000_b0p25/tflite/model_int8_full.tflite,OK,,-1.569798231124878,1.4700287580490112,-2.3778116703033447,2.1710455417633057,1.5090302228927612,0.4333735406398773,0.4945426881313324,0.6583111275376388,2.42956280708313,0.7758773863315582,0.0303611159324646,64.0,-9.873087618499994,3.3082597255706787,13.181347344070673,0.051691558212041855,0.0,0.0,0.4408238877374954
mt1000_b0p3,1000,0.3,1000,141.99,0.488,0.019,0.1930433,0.2736233,2.20827,0.17049096524715424,-20,0.05172700434923172,63,qbench_sweep_20251027_165731/experiments/mt1000_b0p3/rep/rep_windows_balanced.npz,qbench_sweep_20251027_165731/experiments/mt1000_b0p3/tflite/model_int8_full.tflite,OK,,-1.5040355920791626,1.4748064279556274,-2.3277151584625244,2.12080717086792,1.4696803092956543,0.41393083333969116,0.48234978318214417,0.6433745669046074,2.2083165645599365,0.7750615477561951,0.029981136322021484,64.0,-9.879857830703259,3.31052827835083,13.190386109054089,0.05172700434923172,0.0,0.0,0.43936693093586365
mt1000_b0p35,1000,0.35,1000,141.99,0.405,0.02,0.1733995,0.2479467,2.699536,0.17049096524715424,-20,0.05181054025888443,63,qbench_sweep_20251027_165731/experiments/mt1000_b0p35/rep/rep_windows_balanced.npz,qbench_sweep_20251027_165731/experiments/mt1000_b0p35/tflite/model_int8_full.tflite,OK,,-1.535752534866333,1.5248284339904785,-2.590527057647705,2.020611047744751,1.5505571365356445,0.4279722273349762,0.49265193939208984,0.6541958631289074,2.6994833946228027,0.7649362087249756,0.030040740966796875,64.0,-9.895813189446926,3.3158745765686035,13.21168776601553,0.05181054025888443,0.0,0.0,0.4164126559075745
mt1000_b0p4,1000,0.4,1000,141.99,0.48,0.019,0.1738674,0.2475435,2.538461,0.17049096524715424,-20,0.051849089562892914,63,qbench_sweep_20251027_165731/experiments/mt1000_b0p4/rep/rep_windows_balanced.npz,qbench_sweep_20251027_165731/experiments/mt1000_b0p4/tflite/model_int8_full.tflite,OK,,-1.5956339836120605,1.499745488166809,-2.4887561798095703,2.1258127689361572,1.519189476966858,0.3942038416862488,0.45941877365112305,0.6278565454673932,2.3735437393188477,0.7795803248882294,0.029869377613067627,64.0,-9.903176106512547,3.3183417320251465,13.221517838537693,0.051849089562892914,0.0,0.0,0.41697409991509066
mt1000_b0p45,1000,0.45,1000,141.99,0.392,0.02,0.1459959,0.2211165,2.211843,0.17049096524715424,-20,0.051849089562892914,63,qbench_sweep_20251027_165731/experiments/mt1000_b0p45/rep/rep_windows_balanced.npz,qbench_sweep_20251027_165731/experiments/mt1000_b0p45/tflite/model_int8_full.tflite,OK,,-1.5932989120483398,1.4131299257278442,-2.3850581645965576,2.0221145153045654,1.400743842124939,0.4468630850315094,0.5012842416763306,0.6684781859055009,2.395069122314453,0.7756985723972321,0.02969801425933838,64.0,-9.903176106512547,3.3183417320251465,13.221517838537693,0.051849089562892914,0.0,0.0,0.382094098357983
mt1000_b0p5,1000,0.5,1000,141.99,0.487,0.02,0.1222,0.1991796,2.360709,0.17049096524715424,-20,0.051849089562892914,63,qbench_sweep_20251027_165731/experiments/mt1000_b0p5/rep/rep_windows_balanced.npz,qbench_sweep_20251027_165731/experiments/mt1000_b0p5/tflite/model_int8_full.tflite,OK,,-1.6023859977722168,1.483157992362976,-2.8516998291015625,2.3850581645965576,2.1512140035629272,0.45923328399658203,0.506121039390564,0.6776675320513608,2.4385299682617188,0.7606931030750275,0.03014877438545227,64.0,-9.903176106512547,3.3183417320251465,13.221517838537693,0.051849089562892914,0.0,0.0,0.3495711658589707
mt1000_b0p55,1000,0.55,1000,141.99,0.558,0.019,0.1142245,0.1825851,2.51314,0.17049096524715424,-20,0.0520002581179142,62,qbench_sweep_20251027_165731/experiments/mt1000_b0p55/rep/rep_windows_balanced.npz,qbench_sweep_20251027_165731/experiments/mt1000_b0p55/tflite/model_int8_full.tflite,OK,,-1.595257043838501,1.48960542678833,-2.4960124492645264,2.392011880874634,1.803161859512329,0.43068522214889526,0.4899901747703552,0.6562661214392339,2.7488341331481934,0.7704049348831177,0.030934810638427734,64.0,-9.880049042403698,3.380016777664423,13.260065820068121,0.0520002581179142,0.0,0.0,0.3379711526151308
mt1000_b0p6,1000,0.6,1000,141.99,0.553,0.02,0.09314787,0.1608125,2.342301,0.17049096524715424,-20,0.0520055927336216,62,qbench_sweep_20251027_165731/experiments/mt1000_b0p6/rep/rep_windows_balanced.npz,qbench_sweep_20251027_165731/experiments/mt1000_b0p6/tflite/model_int8_full.tflite,OK,,-1.3635048866271973,1.551928997039795,-2.756296396255493,2.2362403869628906,2.0771028995513916,0.3845232129096985,0.4657649099826813,0.6200993572885707,2.4333088397979736,0.7727481424808502,0.03018975257873535,64.0,-9.881062619388103,3.380363527685404,13.261426147073507,0.0520055927336216,0.0,0.0,0.30520135976106005
mt2000_b0p25,2000,0.25,2000,141.99,0.517,0.02,0.2257926,0.3157119,2.596591,0.17049096524715424,-20,0.051849089562892914,63,qbench_sweep_20251027_165731/experiments/mt2000_b0p25/rep/rep_windows_balanced.npz,qbench_sweep_20251027_165731/experiments/mt2000_b0p25/tflite/model_int8_full.tflite,OK,,-1.4897866249084473,1.6227108240127563,-2.4887561798095703,2.1258127689361572,1.502071499824524,0.3859978914260864,0.47977858781814575,0.6212872857431467,2.106741428375244,0.7602833211421967,0.030450522899627686,64.0,-9.903176106512547,3.3183417320251465,13.221517838537693,0.051849089562892914,0.0,0.0,0.47517638830228087
mt2000_b0p3,2000,0.3,2000,141.99,0.552,0.02,0.2014679,0.2909464,2.540409,0.17049096524715424,-20,0.0520055927336216,62,qbench_sweep_20251027_165731/experiments/mt2000_b0p3/rep/rep_windows_balanced.npz,qbench_sweep_20251027_165731/experiments/mt2000_b0p3/tflite/model_int8_full.tflite,OK,,-1.4347710609436035,1.6129709482192993,-2.4962685108184814,2.080223798751831,1.5287503004074097,0.37449005246162415,0.4766034185886383,0.6119559236265502,2.046825885772705,0.7687769830226898,0.03032386302947998,64.0,-9.881062619388103,3.380363527685404,13.261426147073507,0.0520055927336216,0.0,0.0,0.4488517572651354
mt2000_b0p35,2000,0.35,2000,141.99,0.552,0.019,0.1783281,0.267263,2.621047,0.17049096524715424,-20,0.0520055927336216,62,qbench_sweep_20251027_165731/experiments/mt2000_b0p35/rep/rep_windows_balanced.npz,qbench_sweep_20251027_165731/experiments/mt2000_b0p35/tflite/model_int8_full.tflite,OK,,-1.422628402709961,1.6191110610961914,-2.3402516841888428,2.1322293281555176,1.430741548538208,0.3896898925304413,0.4830660820007324,0.6242514657815721,2.5139455795288086,0.7741115987300873,0.030376017093658447,64.0,-9.881062619388103,3.380363527685404,13.261426147073507,0.0520055927336216,0.0,0.0,0.42228911896945676
mt2000_b0p4,2000,0.4,2000,141.99,0.398,0.019,0.1755624,0.2603473,2.72135,0.17049096524715424,-20,0.0520055927336216,62,qbench_sweep_20251027_165731/experiments/mt2000_b0p4/rep/rep_windows_balanced.npz,qbench_sweep_20251027_165731/experiments/mt2000_b0p4/tflite/model_int8_full.tflite,OK,,-1.470841407775879,1.629787802696228,-2.756296396255493,2.2882461547851562,1.9439133405685425,0.37843427062034607,0.47391653060913086,0.6151701151879422,2.229766845703125,0.7619336247444153,0.030472874641418457,64.0,-9.881062619388103,3.380363527685404,13.261426147073507,0.0520055927336216,0.0,0.0,0.4190016706410608
mt2000_b0p45,2000,0.45,2000,141.99,0.392,0.019,0.1421644,0.2271819,2.247434,0.17049096524715424,-20,0.0520055927336216,62,qbench_sweep_20251027_165731/experiments/mt2000_b0p45/rep/rep_windows_balanced.npz,qbench_sweep_20251027_165731/experiments/mt2000_b0p45/tflite/model_int8_full.tflite,OK,,-1.4945790767669678,1.4012609720230103,-2.8083019256591797,2.3922572135925293,2.304719090461731,0.42957592010498047,0.4994296431541443,0.6554204147758753,2.6433379650115967,0.7705576717853546,0.03034248948097229,64.0,-9.881062619388103,3.380363527685404,13.261426147073507,0.0520055927336216,0.0,0.0,0.37704694667905747
mt2000_b0p5,2000,0.5,2000,141.99,0.552,0.02,0.1400022,0.2178032,2.674862,0.17049096524715424,-20,0.05205581337213516,62,qbench_sweep_20251027_165731/experiments/mt2000_b0p5/rep/rep_windows_balanced.npz,qbench_sweep_20251027_165731/experiments/mt2000_b0p5/tflite/model_int8_full.tflite,OK,,-1.479729413986206,1.4666380882263184,-2.654846429824829,2.2383999824523926,1.9468789100646973,0.40084108710289,0.4861142635345459,0.6331201205955234,2.6069347858428955,0.7751621305942535,0.029984861612319946,64.0,-9.89060454070568,3.3836278691887856,13.274232409894466,0.05205581337213516,0.0,0.0,0.37416867853950575
mt2000_b0p55,2000,0.55,2000,141.99,0.559,0.02,0.1241302,0.19738,2.340096,0.17049096524715424,-20,0.05205581337213516,62,qbench_sweep_20251027_165731/experiments/mt2000_b0p55/rep/rep_windows_balanced.npz,qbench_sweep_20251027_165731/experiments/mt2000_b0p55/tflite/model_int8_full.tflite,OK,,-1.475773572921753,1.4635337591171265,-2.758958101272583,2.2904558181762695,2.110106587409973,0.3958861231803894,0.48236244916915894,0.6291948213235622,2.364104986190796,0.7624812424182892,0.03061816096305847,64.0,-9.89060454070568,3.3836278691887856,13.274232409894466,0.05205581337213516,0.0,0.0,0.35232116030689953
mt2000_b0p6,2000,0.6,2000,141.99,0.488,0.019,0.09701212,0.1691235,2.174276,0.17049096524715424,-20,0.05205581337213516,62,qbench_sweep_20251027_165731/experiments/mt2000_b0p6/rep/rep_windows_balanced.npz,qbench_sweep_20251027_165731/experiments/mt2000_b0p6/tflite/model_int8_full.tflite,OK,,-1.4993501901626587,1.4603787660598755,-2.4466233253479004,2.0301766395568848,1.517071008682251,0.4108165204524994,0.4703417718410492,0.6409497019677124,2.3040285110473633,0.7762610912322998,0.03041699528694153,64.0,-9.89060454070568,3.3836278691887856,13.274232409894466,0.05205581337213516,0.0,0.0,0.3114676869275527
mt3000_b0p25,3000,0.25,3000,141.99,0.535,0.02,0.196728,0.2998184,2.285758,0.17049096524715424,-20,0.0520055927336216,62,qbench_sweep_20251027_165731/experiments/mt3000_b0p25/rep/rep_windows_balanced.npz,qbench_sweep_20251027_165731/experiments/mt3000_b0p25/tflite/model_int8_full.tflite,OK,,-1.4195970296859741,1.6129709482192993,-2.6002795696258545,2.2882461547851562,1.8559577465057373,0.4294399321079254,0.49583443999290466,0.6553166655197512,2.334930896759033,0.7629580795764923,0.0304393470287323,64.0,-9.881062619388103,3.380363527685404,13.261426147073507,0.0520055927336216,0.0,0.0,0.44354030256561805
mt3000_b0p3,3000,0.3,3000,141.99,0.558,0.019,0.2145302,0.303871,2.261256,0.17049096524715424,-20,0.0520055927336216,62,qbench_sweep_20251027_165731/experiments/mt3000_b0p3/rep/rep_windows_balanced.npz,qbench_sweep_20251027_165731/experiments/mt3000_b0p3/tflite/model_int8_full.tflite,OK,,-1.4528067111968994,1.672513723373413,-2.548274040222168,2.1322293281555176,1.555182933807373,0.43188920617103577,0.503612220287323,0.6571827798801759,2.1423180103302,0.7641911506652832,0.02983585000038147,64.0,-9.881062619388103,3.380363527685404,13.261426147073507,0.0520055927336216,0.0,0.0,0.46317404935941736
mt3000_b0p35,3000,0.35,3000,141.99,0.538,0.02,0.1628495,0.2636419,1.965318,0.8337522149085999,-106,0.05205581337213516,62,qbench_sweep_20251027_165731/experiments/mt3000_b0p35/rep/rep_windows_balanced.npz,qbench_sweep_20251027_165731/experiments/mt3000_b0p35/tflite/model_int8_full.tflite,OK,,-1.4047496318817139,1.638685941696167,-2.4466233253479004,2.4466233253479004,1.84981107711792,0.35237735509872437,0.45666590332984924,0.5936138097271023,2.4986467361450195,0.7724910974502563,0.031057745218276978,64.0,-9.89060454070568,3.3836278691887856,13.274232409894466,0.05205581337213516,0.0,0.0,0.4035461559722754
mt3000_b0p4,3000,0.4,3000,141.99,0.55,0.019,0.1738391,0.2605576,2.275177,0.17049096524715424,-20,0.05205581337213516,62,qbench_sweep_20251027_165731/experiments/mt3000_b0p4/rep/rep_windows_balanced.npz,qbench_sweep_20251027_165731/experiments/mt3000_b0p4/tflite/model_int8_full.tflite,OK,,-1.398541808128357,1.6022310256958008,-2.81101393699646,2.0822324752807617,1.892473578453064,0.411152184009552,0.49201536178588867,0.6412114970971372,2.0428171157836914,0.7781349122524261,0.030469149351119995,64.0,-9.89060454070568,3.3836278691887856,13.274232409894466,0.05205581337213516,0.0,0.0,0.4169401635726642
mt3000_b0p45,3000,0.45,3000,141.99,0.487,0.02,0.1642347,0.242382,2.86581,0.17049096524715424,-20,0.05215125158429146,61,qbench_sweep_20251027_165731/experiments/mt3000_b0p45/rep/rep_windows_balanced.npz,qbench_sweep_20251027_165731/experiments/mt3000_b0p45/tflite/model_int8_full.tflite,OK,,-1.3868465423583984,1.5624500513076782,-2.3989574909210205,2.0338988304138184,1.4835597276687622,0.3565189242362976,0.45478230714797974,0.5970920567519699,2.045680284500122,0.7740110158920288,0.031035393476486206,64.0,-9.856586549431086,3.4419826045632362,13.298569153994322,0.05215125158429146,0.0,0.0,0.40525880619673155
mt3000_b0p5,3000,0.5,3000,141.99,0.39,0.019,0.1297504,0.2127752,1.886098,0.17049096524715424,-20,0.05215125158429146,61,qbench_sweep_20251027_165731/experiments/mt3000_b0p5/rep/rep_windows_balanced.npz,qbench_sweep_20251027_165731/experiments/mt3000_b0p5/tflite/model_int8_full.tflite,OK,,-1.4897866249084473,1.6227108240127563,-2.451108932495117,2.086050033569336,1.4246615171432495,0.385647177696228,0.47974100708961487,0.621004973970602,2.064561367034912,0.8269771933555603,0.030085444450378418,64.0,-9.856586549431086,3.4419826045632362,13.298569153994322,0.05215125158429146,0.0,0.0,0.3602088283204619
mt3000_b0p55,3000,0.55,3000,141.99,0.556,0.019,0.1210267,0.2038551,1.986807,0.3879585564136505,-81,0.05215125158429146,61,qbench_sweep_20251027_165731/experiments/mt3000_b0p55/rep/rep_windows_balanced.npz,qbench_sweep_20251027_165731/experiments/mt3000_b0p55/tflite/model_int8_full.tflite,OK,,-1.4096004962921143,1.5914522409439087,-2.5032601356506348,2.19035267829895,1.692560076713562,0.401057630777359,0.48851433396339417,0.6332911106097724,2.029970169067383,0.7852464914321899,0.030744820833206177,64.0,-9.856586549431086,3.4419826045632362,13.298569153994322,0.05215125158429146,0.0,0.0,0.34788891905319436
mt3000_b0p6,3000,0.6,3000,141.99,0.551,0.021,0.1741441,0.2708057,2.796539,1.6012954711914062,-117,0.05229068174958229,61,qbench_sweep_20251027_165731/experiments/mt3000_b0p6/rep/rep_windows_balanced.npz,qbench_sweep_20251027_165731/experiments/mt3000_b0p6/tflite/model_int8_full.tflite,OK,,-1.470841407775879,1.629787802696228,-2.4576621055603027,2.091627359390259,1.4486602544784546,0.4743490219116211,0.5382688641548157,0.6887300065422016,2.4298667907714844,0.7659755647182465,0.03327801823616028,64.0,-9.882938850671053,3.451184995472431,13.334123846143484,0.05229068174958229,0.0,0.0,0.4173057632000785
mt4000_b0p25,4000,0.25,4000,141.99,0.551,0.019,0.2093523,0.3088194,2.321181,0.17049096524715424,-20,0.05205581337213516,62,qbench_sweep_20251027_165731/experiments/mt4000_b0p25/rep/rep_windows_balanced.npz,qbench_sweep_20251027_165731/experiments/mt4000_b0p25/tflite/model_int8_full.tflite,OK,,-1.3350675106048584,1.2996022701263428,-2.550734758377075,2.3945674896240234,2.3106324672698975,0.4269658923149109,0.4942646920681,0.6534262715218228,2.1006622314453125,0.7798299193382263,0.03112107515335083,64.0,-9.89060454070568,3.3836278691887856,13.274232409894466,0.05205581337213516,0.0,0.0,0.4575503251009663
mt4000_b0p3,4000,0.3,4000,141.99,0.55,0.02,0.1914243,0.289986,2.406653,0.17049096524715424,-20,0.05205581337213516,62,qbench_sweep_20251027_165731/experiments/mt4000_b0p3/rep/rep_windows_balanced.npz,qbench_sweep_20251027_165731/experiments/mt4000_b0p3/tflite/model_int8_full.tflite,OK,,-1.4188387393951416,1.2996022701263428,-2.4986791610717773,1.9781209230422974,1.7583590745925903,0.45987385511398315,0.5088938474655151,0.678139996692411,3.041534900665283,0.77863410115242,0.030510127544403076,64.0,-9.89060454070568,3.3836278691887856,13.274232409894466,0.05205581337213516,0.0,0.0,0.4375206280851224
mt4000_b0p35,4000,0.35,4000,141.99,0.557,0.018,0.1818906,0.2736924,2.184982,0.17049096524715424,-20,0.05215125158429146,61,qbench_sweep_20251027_165731/experiments/mt4000_b0p35/rep/rep_windows_balanced.npz,qbench_sweep_20251027_165731/experiments/mt4000_b0p35/tflite/model_int8_full.tflite,OK,,-1.388556718826294,1.5420703887939453,-2.8161675930023193,2.3989574909210205,2.2844979763031006,0.4820934236049652,0.5277713537216187,0.6943294777013037,2.6582276821136475,0.7584951817989349,0.030819326639175415,64.0,-9.856586549431086,3.4419826045632362,13.298569153994322,0.05215125158429146,0.0,0.0,0.4264863421025344
mt4000_b0p4,4000,0.4,4000,141.99,0.49,0.019,0.1662592,0.2540513,2.250505,0.17049096524715424,-20,0.05215125158429146,61,qbench_sweep_20251027_165731/experiments/mt4000_b0p4/rep/rep_windows_balanced.npz,qbench_sweep_20251027_165731/experiments/mt4000_b0p4/tflite/model_int8_full.tflite,OK,,-1.4281423091888428,1.6227413415908813,-2.60756254196167,2.2946550846099854,1.8513339757919312,0.43200865387916565,0.5012916326522827,0.6572736522021597,2.340174674987793,0.7753409445285797,0.03138929605484009,64.0,-9.856586549431086,3.4419826045632362,13.298569153994322,0.05215125158429146,0.0,0.0,0.40774894236527454
mt4000_b0p45,4000,0.45,4000,141.99,0.552,0.021,0.2063235,0.3085979,2.269405,1.6012954711914062,-117,0.05229068174958229,61,qbench_sweep_20251027_165731/experiments/mt4000_b0p45/rep/rep_windows_balanced.npz,qbench_sweep_20251027_165731/experiments/mt4000_b0p45/tflite/model_int8_full.tflite,OK,,-1.4918670654296875,1.6723145246505737,-3.0851502418518066,2.143918037414551,2.064886689186096,0.6166918277740479,0.6122187376022339,0.7852972862388153,3.6373720169067383,0.7811486721038818,0.032551586627960205,64.0,-9.882938850671053,3.451184995472431,13.334123846143484,0.05229068174958229,0.0,0.0,0.4542284667433339
mt4000_b0p5,4000,0.5,4000,141.99,0.556,0.021,0.2437963,0.3290761,2.797929,1.6012954711914062,-117,0.05356369912624359,56,qbench_sweep_20251027_165731/experiments/mt4000_b0p5/rep/rep_windows_balanced.npz,qbench_sweep_20251027_165731/experiments/mt4000_b0p5/tflite/model_int8_full.tflite,OK,,-1.4269524812698364,1.6743472814559937,-2.4103665351867676,1.928293228149414,1.2373600006103516,0.645879864692688,0.6270610690116882,0.8036665133578031,2.4670889377593994,0.7623247802257538,0.03382936120033264,64.0,-9.85572063922882,3.803022637963295,13.658743277192116,0.05356369912624359,0.0,0.0,0.493757329059529
mt4000_b0p55,4000,0.55,4000,141.99,0.552,0.022,0.2297484,0.3259656,2.600241,1.6012954711914062,-117,0.05356369912624359,56,qbench_sweep_20251027_165731/experiments/mt4000_b0p55/rep/rep_windows_balanced.npz,qbench_sweep_20251027_165731/experiments/mt4000_b0p55/tflite/model_int8_full.tflite,OK,,-1.398541808128357,1.6022310256958008,-2.7853124141693115,2.088984251022339,1.8735238313674927,0.6809895634651184,0.6491203308105469,0.8252209179759796,2.5351710319519043,0.7809996604919434,0.032920390367507935,64.0,-9.85572063922882,3.803022637963295,13.658743277192116,0.05356369912624359,0.0,0.0,0.47932076942273216
mt4000_b0p6,4000,0.6,4000,141.99,0.551,0.022,0.2403953,0.3229198,2.613358,1.6568186283111572,-117,0.05356369912624359,56,qbench_sweep_20251027_165731/experiments/mt4000_b0p6/rep/rep_windows_balanced.npz,qbench_sweep_20251027_165731/experiments/mt4000_b0p6/tflite/model_int8_full.tflite,OK,,-1.4188529253005981,1.6177469491958618,-2.4103665351867676,1.9818568229675293,1.355623483657837,0.6552813649177551,0.6314181089401245,0.809494511975069,2.5913515090942383,0.7788948714733124,0.03431737422943115,64.0,-9.85572063922882,3.803022637963295,13.658743277192116,0.05356369912624359,0.0,0.0,0.4903012339368523
mt5000_b0p25,5000,0.25,5000,141.99,0.409,0.019,0.2170416,0.3091803,2.774701,0.17049096524715424,-20,0.05205581337213516,62,qbench_sweep_20251027_165731/experiments/mt5000_b0p25/rep/rep_windows_balanced.npz,qbench_sweep_20251027_165731/experiments/mt5000_b0p25/tflite/model_int8_full.tflite,OK,,-1.0278964042663574,1.2863993644714355,-2.550734758377075,2.4466233253479004,2.6830623149871826,0.437828004360199,0.49922046065330505,0.6616857293006998,2.3367388248443604,0.763334333896637,0.031054019927978516,64.0,-9.89060454070568,3.3836278691887856,13.274232409894466,0.05205581337213516,0.0,0.0,0.4658772370485598
mt5000_b0p3,5000,0.3,5000,141.99,0.545,0.02,0.2169061,0.3075434,2.865862,0.22936174273490906,-48,0.05215125158429146,61,qbench_sweep_20251027_165731/experiments/mt5000_b0p3/rep/rep_windows_balanced.npz,qbench_sweep_20251027_165731/experiments/mt5000_b0p3/tflite/model_int8_full.tflite,OK,,-1.1210386753082275,1.2418475151062012,-2.711865186691284,2.5554113388061523,2.904390335083008,0.4393793046474457,0.5013768672943115,0.6628569262272558,2.3513786792755127,0.7821246981620789,0.031385570764541626,64.0,-9.856586549431086,3.4419826045632362,13.298569153994322,0.05215125158429146,0.0,0.0,0.4657317897674583
mt5000_b0p35,5000,0.35,5000,141.99,0.543,0.02,0.195663,0.2830388,2.735847,0.22936174273490906,-48,0.05218496918678284,61,qbench_sweep_20251027_165731/experiments/mt5000_b0p35/rep/rep_windows_balanced.npz,qbench_sweep_20251027_165731/experiments/mt5000_b0p35/tflite/model_int8_full.tflite,OK,,-1.1776773929595947,1.3742249011993408,-2.3483235836029053,2.2439537048339844,2.040374994277954,0.4667169153690338,0.5189023613929749,0.6831668283582231,2.4660472869873047,0.7820017635822296,0.030659139156341553,64.0,-9.862959176301956,3.4442079663276672,13.307167142629623,0.05218496918678284,0.0,0.0,0.442338105977769
mt5000_b0p4,5000,0.4,5000,141.99,0.404,0.02,0.1669615,0.262193,2.254349,0.17049096524715424,-20,0.05238170921802521,61,qbench_sweep_20251027_165731/experiments/mt5000_b0p4/rep/rep_windows_balanced.npz,qbench_sweep_20251027_165731/experiments/mt5000_b0p4/tflite/model_int8_full.tflite,OK,,-1.3350675106048584,1.2996022701263428,-2.461940288543701,2.3571770191192627,2.1844475269317627,0.42950010299682617,0.49531856179237366,0.6553625736924761,2.1065115928649902,0.7615126669406891,0.030446797609329224,64.0,-9.900143042206764,3.4571928083896637,13.357335850596428,0.05238170921802521,0.0,0.0,0.40860922652333737
mt5000_b0p45,5000,0.45,5000,141.99,0.404,0.02,0.1664216,0.258626,2.679115,0.21605204045772552,-43,0.052654948085546494,60,qbench_sweep_20251027_165731/experiments/mt5000_b0p45/rep/rep_windows_balanced.npz,qbench_sweep_20251027_165731/experiments/mt5000_b0p45/tflite/model_int8_full.tflite,OK,,-1.4089338779449463,1.2842717170715332,-2.7380573749542236,2.26416277885437,2.3090145587921143,0.5014222860336304,0.5367801785469055,0.7081117750988402,3.1138901710510254,0.7682293653488159,0.030256807804107666,64.0,-9.89913024008274,3.527881521731615,13.427011761814356,0.052654948085546494,0.0,0.0,0.40794803590653556
mt5000_b0p5,5000,0.5,5000,141.99,0.55,0.02,0.2160462,0.3135567,2.256557,1.6568186283111572,-117,0.053418952971696854,57,qbench_sweep_20251027_165731/experiments/mt5000_b0p5/rep/rep_windows_balanced.npz,qbench_sweep_20251027_165731/experiments/mt5000_b0p5/tflite/model_int8_full.tflite,OK,,-1.383347511291504,1.4872362613677979,-2.6175286769866943,2.0299201011657715,1.776865005493164,0.5615900754928589,0.5859257578849792,0.7493931381410287,2.4576869010925293,0.777270644903183,0.031094998121261597,64.0,-9.882506299763918,3.7393267080187798,13.621833007782698,0.053418952971696854,0.0,0.0,0.4648077021737054
mt5000_b0p55,5000,0.55,5000,141.99,0.551,0.021,0.2314875,0.3256518,3.230417,1.6568186283111572,-117,0.05411498248577118,55,qbench_sweep_20251027_165731/experiments/mt5000_b0p55/rep/rep_windows_balanced.npz,qbench_sweep_20251027_165731/experiments/mt5000_b0p55/tflite/model_int8_full.tflite,OK,,-1.4195970296859741,1.6129709482192993,-2.759864091873169,2.0022542476654053,1.7295503616333008,0.5479040145874023,0.5685744285583496,0.7402053867592442,3.0397841930389404,0.7574670016765594,0.03265216946601868,64.0,-9.903041794896126,3.896278738975525,13.79932053387165,0.05411498248577118,0.0,0.0,0.4811314789119498
mt5000_b0p6,5000,0.6,5000,141.99,0.553,0.021,0.2153188,0.309646,2.497604,1.6568186283111572,-117,0.05659588798880577,47,qbench_sweep_20251027_165731/experiments/mt5000_b0p6/rep/rep_windows_balanced.npz,qbench_sweep_20251027_165731/experiments/mt5000_b0p6/tflite/model_int8_full.tflite,OK,,-1.4269524812698364,1.6743472814559937,-2.3770272731781006,1.9808560609817505,1.256583571434021,0.515984833240509,0.5470455884933472,0.7183208428275689,2.575425863265991,0.7733069360256195,0.03238022327423096,64.0,-9.90428039804101,4.527671039104462,14.431951437145472,0.05659588798880577,0.0,0.0,0.46402456831508393
mt6000_b0p25,6000,0.25,6000,141.99,0.403,0.019,0.22964,0.3237254,2.508082,0.17049096524715424,-20,0.05215125158429146,61,qbench_sweep_20251027_165731/experiments/mt6000_b0p25/rep/rep_windows_balanced.npz,qbench_sweep_20251027_165731/experiments/mt6000_b0p25/tflite/model_int8_full.tflite,OK,,-1.0524358749389648,1.3018872737884521,-2.1382012367248535,2.5032601356506348,2.2871382236480713,0.4454589784145355,0.5040896534919739,0.6674271334119819,2.052736282348633,0.7741563022136688,0.030647963285446167,64.0,-9.856586549431086,3.4419826045632362,13.298569153994322,0.05215125158429146,0.0,0.0,0.4792076794042433
mt6000_b0p3,6000,0.3,6000,141.99,0.406,0.02,0.2160218,0.3088656,2.667016,0.17049096524715424,-20,0.05218496918678284,61,qbench_sweep_20251027_165731/experiments/mt6000_b0p3/rep/rep_windows_balanced.npz,qbench_sweep_20251027_165731/experiments/mt6000_b0p3/tflite/model_int8_full.tflite,OK,,-1.0278964042663574,1.2154178619384766,-2.1395838260650635,2.2961387634277344,2.192408323287964,0.43805384635925293,0.4954177439212799,0.6618563638428303,2.0801758766174316,0.7602795958518982,0.02993270754814148,64.0,-9.862959176301956,3.4442079663276672,13.307167142629623,0.05218496918678284,0.0,0.0,0.464781454018983
mt6000_b0p35,6000,0.35,6000,141.99,0.561,0.019,0.1691385,0.2689036,2.687416,0.17049096524715424,-20,0.05259726569056511,60,qbench_sweep_20251027_165731/experiments/mt6000_b0p35/rep/rep_windows_balanced.npz,qbench_sweep_20251027_165731/experiments/mt6000_b0p35/tflite/model_int8_full.tflite,OK,,-1.0278964042663574,1.2863993644714355,-2.314279794692993,2.472071409225464,2.472055435180664,0.46523553133010864,0.5106610059738159,0.6820817629361664,2.0897998809814453,0.7796548306941986,0.029686838388442993,64.0,-9.88828594982624,3.5240168012678623,13.412302751094103,0.05259726569056511,0.0,0.0,0.411264513421715
mt6000_b0p4,6000,0.4,6000,141.99,0.488,0.02,0.2346706,0.3372976,2.240127,1.6568186283111572,-117,0.05323544517159462,58,qbench_sweep_20251027_165731/experiments/mt6000_b0p4/rep/rep_windows_balanced.npz,qbench_sweep_20251027_165731/experiments/mt6000_b0p4/tflite/model_int8_full.tflite,OK,,-1.0278964042663574,1.2418475151062012,-2.129417896270752,2.0761823654174805,1.9358563423156738,0.5161781311035156,0.5442035794258118,0.7184553786447114,2.348440647125244,0.7752515375614166,0.0326596200466156,64.0,-9.9017928019166,3.6732457168400288,13.575038518756628,0.05323544517159462,0.0,0.0,0.48442811644247075
mt6000_b0p45,6000,0.45,6000,141.99,0.547,0.021,0.2500216,0.3428248,2.396301,1.6568186283111572,-117,0.053775854408741,56,qbench_sweep_20251027_165731/experiments/mt6000_b0p45/rep/rep_windows_balanced.npz,qbench_sweep_20251027_165731/experiments/mt6000_b0p45/tflite/model_int8_full.tflite,OK,,-1.178125262260437,1.3461037874221802,-2.2585859298706055,1.882154941558838,1.6165118217468262,0.5439306497573853,0.5645349621772766,0.7375165420228792,2.3907642364501953,0.7600151002407074,0.03201514482498169,64.0,-9.894757211208344,3.818085663020611,13.712842874228954,0.053775854408741,0.0,0.0,0.5000215995334601
mt6000_b0p5,6000,0.5,6000,141.99,0.544,0.021,0.2130407,0.3180698,2.62234,1.6568186283111572,-117,0.05659588798880577,47,qbench_sweep_20251027_165731/experiments/mt6000_b0p5/rep/rep_windows_balanced.npz,qbench_sweep_20251027_165731/experiments/mt6000_b0p5/tflite/model_int8_full.tflite,OK,,-1.3350675106048584,1.2996022701263428,-2.4336230754852295,1.8110684156417847,1.610021710395813,0.5084046721458435,0.5426536798477173,0.7130250150912263,2.5489301681518555,0.7776282727718353,0.0325813889503479,64.0,-9.90428039804101,4.527671039104462,14.431951437145472,0.05659588798880577,0.0,0.0,0.46156332176636394
mt6000_b0p55,6000,0.55,6000,141.99,0.558,0.021,0.2431704,0.3346001,2.909463,1.6568186283111572,-117,0.05994482338428497,37,qbench_sweep_20251027_165731/experiments/mt6000_b0p55/rep/rep_windows_balanced.npz,qbench_sweep_20251027_165731/experiments/mt6000_b0p55/tflite/model_int8_full.tflite,OK,,-1.4154536724090576,1.2842717170715332,-2.3977928161621094,1.9781792163848877,1.6762466430664062,0.5367371439933777,0.5503146052360535,0.7326234667231031,2.600581407546997,0.7789023220539093,0.03232434391975403,64.0,-9.89089585840702,5.395034104585648,15.285929962992668,0.05994482338428497,0.0,0.0,0.49312310836139084
mt6000_b0p6,6000,0.6,6000,141.99,0.391,0.021,0.2265734,0.3235591,2.467233,1.6568186283111572,-117,0.05994482338428497,37,qbench_sweep_20251027_165731/experiments/mt6000_b0p6/rep/rep_windows_balanced.npz,qbench_sweep_20251027_165731/experiments/mt6000_b0p6/tflite/model_int8_full.tflite,OK,,-1.4281423091888428,1.6227413415908813,-2.577627420425415,2.3977928161621094,1.9245365858078003,0.5774390697479248,0.5803398489952087,0.759894117458429,2.909864902496338,0.7641315460205078,0.03228709101676941,64.0,-9.89089585840702,5.395034104585648,15.285929962992668,0.05994482338428497,0.0,0.0,0.47599726889972804
